{"All Model Fits": {"CM.37": {"Logistic": {"params": [[0.4815483403538642, 0.0012048816301562628], [0.8073928787195356, 0.001914582739524514], [5.24264068573691e-10, 1.0000625287354153e-10]], "nmse": [0.08123240911923786, 0.5634939181846231, 0.9936130592762948]}, "Gompertz": {"params": [[0.9032047184025219, 0.1420635665117812], [1.502562212581011, 0.23026709879182722], [4.498710765965826e-11, 1.155266250138546]], "nmse": [0.06905006965716963, 1.183952762403496, 0.9936130592762948]}, "Bertalanffy": {"params": [[1.7197940115994041, 0.1619744669822699], [2.8352162323810646, 0.23222959202951407], [2.4142133624257105e-10, 1.0007520216526742e-10]], "nmse": [0.06922642050732081, 2.963156396451723, 0.9936130592762948]}}, "CM.38": {"Logistic": {"params": [[0.30659947940995713, 0.001340882543157835], [0.5298843432202754, 0.0020709713137807215], [1.3885544130630974e-12, 1.2446142888887416e-14]], "nmse": [0.08869974431145097, 1.2551202022344077, 0.9724158915961753]}, "Gompertz": {"params": [[0.4762435312889593, 0.07142721243006125], [0.8048935955017497, 0.11372188694961784], [0.004458022216011217, 3.071467453048632]], "nmse": [0.09992942889051429, 7.405508426463225, 0.98609263381206]}, "Bertalanffy": {"params": [[0.6807916199812615, 0.0022771771603550205], [1.2275239780332363, 3.2930078499514794e-15], [1e-10, 1e-10]], "nmse": [0.10457792673316443, 15.520808791153895, 0.9724158915961753]}}, "CM.53": {"Logistic": {"params": [[0.12161999899556702, 0.002809780341039705], [0.22212466675870166, 0.004831046838204292], [2.4468576744158257e-09, 1.1829908684635983e-10]], "nmse": [0.13463589676100424, 0.31220841276248246, 0.6199108871396575]}, "Gompertz": {"params": [[0.2190120638294299, 0.05313332022014131], [0.3916944585971567, 0.09202170294384406], [3.872674855390607e-11, 1.4881717189043946]], "nmse": [0.13544753943453747, 0.482219642895903, 0.934485480127985]}, "Bertalanffy": {"params": [[0.4098517372145547, 0.09285759724471292], [0.7115711383989534, 0.14903170845650873], [1.7500087692952304e-05, 1.000004243795425e-05]], "nmse": [0.1412634562568923, 0.6056225049436327, 0.6199108871396575]}}, "CM.76": {"Logistic": {"params": [[0.2525329282906655, 0.007620111406560243], [0.5563559784346027, 0.017577990905519682], [3.160490275728525e-09, 1.3432106275215302e-10]], "nmse": [0.16935273936827863, 0.2168237260992355, 0.7233759857134004]}, "Gompertz": {"params": [[0.516331106235811, 0.14421129826278042], [1.251877706990595, 0.36029453957838226], [3.489278520759468e-11, 1.7343948439159913]], "nmse": [0.1686045055614981, 0.21338292908707274, 0.9379377619028462]}, "Bertalanffy": {"params": [[1.1211203552359081, 0.3337138643730027], [2.7909279526585355, 0.8677127629408158], [1.7880617675781277e-10, 1.5758194988961327e-09]], "nmse": [0.1722115543491713, 0.21238141724549717, 0.7233759857134004]}}, "CM.77": {"Logistic": {"params": [[0.0921561776407655, 0.00028121530572855426], [0.16601306445114677, 8.61438789558553e-05], [6.250123716355825e-07, 2.499925855420616e-06]], "nmse": [0.4766465829422905, 11.733185383095016, 0.845051242098054]}, "Gompertz": {"params": [[0.08759665058635745, 1.8737805540476424e-13], [0.16458495633724016, 3.453715011103973e-13], [3.1333395703426856e-11, 1.9776057814273806]], "nmse": [0.47291679891860655, 14.873175651841253, 0.9642034845842935]}, "Bertalanffy": {"params": [[0.20898181229264864, 1.352145365648202e-13], [0.39647521012631315, 7.721336715988457e-14], [1.750008911339174e-05, 1.00000456777935e-05]], "nmse": [0.47704313993372605, 2.3648871595662078, 0.845051242098054]}}, "CM.78": {"Logistic": {"params": [[1.1578409910759733, 0.014616929939312203], [1.0513701883155608, 0.012032524633464988], [7.473708298441773e-11, 7.52779040278493e-11]], "nmse": [0.044537819606574595, 0.04942798722470601, 0.8533439213560915]}, "Gompertz": {"params": [[2.5910767252105487, 0.5903064988842822], [2.7315767877788812, 0.6042669012776487], [3.6920304812145113e-11, 1.5993421876595733]], "nmse": [0.04495686918970178, 0.06120304972273094, 0.9741831611318463]}, "Bertalanffy": {"params": [[5.957943887455301, 1.3756012205082315], [6.135624096163241, 1.3366995458596522], [1.7499137547723357e-05, 9.999651597979073e-06]], "nmse": [0.04877947443763719, 0.0730700705423542, 0.8533439213560915]}}, "CM.79": {"Logistic": {"params": [[0.740929716418181, 0.039394713565897736], [0.4985490505333948, 0.024401226776791088], [3.913006003480116e-09, 2.517702739320299e-10]], "nmse": [0.1300221962242998, 0.14709456744315194, 0.3482742119357616]}, "Gompertz": {"params": [[1.8824926040263115, 0.6426270517709871], [1.1124922627265743, 0.3655054068394552], [4.235896143443948e-11, 1.3141807032716206]], "nmse": [0.1300221962242998, 0.14612249422905935, 0.8923042283267753]}, "Bertalanffy": {"params": [[4.866994954805373, 1.8342355173636273], [2.667269344924311, 0.9627746369283031], [7.228760034550506e-06, 3.3070766886254404e-06]], "nmse": [0.12956853091594356, 0.1505643338564337, 0.3482742119357616]}}}, "Best Iterators per Model": {"CM.37": {"Logistic": "fe", "Gompertz": "fe", "Bertalanffy": "fe"}, "CM.38": {"Logistic": "fe", "Gompertz": "fe", "Bertalanffy": "fe"}, "CM.53": {"Logistic": "fe", "Gompertz": "fe", "Bertalanffy": "fe"}, "CM.76": {"Logistic": "fe", "Gompertz": "fe", "Bertalanffy": "fe"}, "CM.77": {"Logistic": "fe", "Gompertz": "fe", "Bertalanffy": "fe"}, "CM.78": {"Logistic": "fe", "Gompertz": "fe", "Bertalanffy": "fe"}, "CM.79": {"Logistic": "fe", "Gompertz": "fe", "Bertalanffy": "fe"}}, "Best Models": {"CM.37": "Gompertz", "CM.38": "Logistic", "CM.53": "Logistic", "CM.76": "Gompertz", "CM.77": "Gompertz", "CM.78": "Logistic", "CM.79": "Bertalanffy"}}